Title,Url,Starting_price,Final_price
10 x KN95 Dustproof Anti-haze Face Masks 95% Filtration N95 Mask NECEA-581218,https://www.tinydeal.com/10-x-kn95-dustproof-anti-haze-face-masks-95-filtration-n95-mask-p-200022.html,£20.29,£31.29 
50 x Disposable Medical 3-ply Non-woven Anti-fog Mouth Face Mask HHI-581907,https://www.tinydeal.com/50-x-disposable-medical-3-ply-non-woven-anti-fog-mouth-face-mask-p-200370.html,£15.03,£26.70 
20 x KN95 Face Masks 95% Filtration N95 Mask NECEA-580961,https://www.tinydeal.com/20-x-kn95-face-masks-95-filtration-n95-mask-p-200361.html,£36.41,£56.08 
10 x KN95 Face Mask Respirator With Valve PM2.5 Mouth Mask Gauze Mask KB-581641,https://www.tinydeal.com/10-x-kn95-face-mask-respirator-with-valve-pm25-mouth-mask-gauze-mask-p-200341.html,£21.36,£37.62 
50 x KN95 Face Masks 95% Filtration N95 Mouth Mask With CE FDA HHI-581866,https://www.tinydeal.com/50-x-kn95-face-masks-95-filtration-n95-mouth-mask-with-ce-fda-p-200363.html,£80.68,£145.22 
2 x KN95 Anti-haze Face Masks 95% Filtration N95 Mask NECEA-580960,https://www.tinydeal.com/2-x-kn95-anti-haze-face-masks-95-filtration-n95-mask-p-200021.html,£4.18,£8.26 
50 x Choebe CB Medical Disposable Anti-haze Face Masks 99% Filtration HHI-581271,https://www.tinydeal.com/50-x-choebe-cb-medical-disposable-anti-haze-face-masks-99-filtration-p-200006.html,£26.70,£41.64 
2 x KN95 Anti-haze Face Masks 95% Filtration N95 Mouth Mask HHI-581923,https://www.tinydeal.com/2-x-kn95-anti-haze-face-masks-95-filtration-n95-mouth-mask-p-200375.html,£3.22,£5.79 
10 x Transparent Anti Droplet Dust-proof Medical Face Shield Face Cover Mask KB-581546,https://www.tinydeal.com/10-x-transparent-anti-droplet-dust-proof-medical-face-shield-face-cover-mask-p-200338.html,£12.18,£19.53 
Kitchen Knife Blade Sharpener Stone Grindstone HHI-552221,https://www.tinydeal.com/kitchen-knife-blade-sharpener-stone-grindstone-p-176085.html,£1.02,£1.14 
50 x Disposable Medical 3 Layer Non-woven Anti-fog Mouth Mask HHI-581854,https://www.tinydeal.com/50-x-disposable-medical-3-layer-non-woven-anti-fog-mouth-mask-p-200355.html,£27.89,£42.95 
5 x Reusable Face-Shielding Face Mask Anti-Fog Anti-Splash Face Shield KB-581849,https://www.tinydeal.com/5-x-reusable-face-shielding-face-mask-anti-fog-anti-splash-face-shield-p-200348.html,£11.68,£18.94 
10 x KN95 Children Face Mask Anti-fog Child PM2.5 Mask for Kilds HHI-581843,https://www.tinydeal.com/10-x-kn95-children-face-mask-anti-fog-child-pm25-mask-for-kilds-p-200344.html,£12.86,£22.60 
64GB USB 2.0 Flash Drive USB Pen Drive U Disk EFM-561923,https://www.tinydeal.com/64gb-usb-20-flash-drive-usb-pen-drive-u-disk-p-178875.html,£5.28,£15.07 
1/2/5/10 pcs Teflon Gas Hob Oil Protector Liner Reusable Stove Clean Mat Pad HHI-549769,https://www.tinydeal.com/12510-pcs-teflon-gas-hob-oil-protector-liner-reusable-stove-clean-mat-pad-p-175005.html,£1.14,£4.32 
Portable Mini LCD Digital Tyre Tire Pressure Gauge Tester CTL-27481,https://www.tinydeal.com/portable-mini-lcd-digital-tyre-tire-pressure-gauge-tester-p-23322.html,£2.69,£3.11 
1/2 pcs Car Visor Glasses Sunglasses Ticket Clip Holder - Color Assorted RIG-179460,https://www.tinydeal.com/12-pcs-car-visor-glasses-sunglasses-ticket-clip-holder-color-assorted-p-90302.html,£1.09,£3.11 
1 Pair of Silicone Magnetic Losing Weight Toe Rings HBI-13397,https://www.tinydeal.com/1-pair-of-silicone-magnetic-losing-weight-toe-rings-p-12727.html,£0.79,£2.59 
300-LED 5M 5050 SMD 72W Indoor LED Light Strip HLD-232068,https://www.tinydeal.com/300-led-5m-5050-smd-72w-indoor-led-light-strip-p-105499.html,£6.62,£7.81 
Stainless Steel Wine Bracelet Thermometer with LCD Display HKI-499938,https://www.tinydeal.com/stainless-steel-wine-bracelet-thermometer-with-lcd-display-p-157835.html,£1.31,£3.06 
Mini Airtight Sealer Machine for Plastic Bag - Assorted Color HLI-48626,https://www.tinydeal.com/mini-airtight-sealer-machine-for-plastic-bag-assorted-color-p-39392.html,£1.83,£4.65 
Double Zippers Design Multi-functional Storage Bag HHI-115510,https://www.tinydeal.com/double-zippers-design-multi-functional-storage-bag-p-68145.html,£3.41,£3.60 
H96 MAX RK3318 4GB RAM 64GB ROM 5G WIFI bluetooth 4.0 Android 9.0 4K TV Box E-571219,https://www.tinydeal.com/h96-max-rk3318-4gb-ram-64gb-rom-5g-wifi-bluetooth-40-android-90-4k-tv-box-p-182191.html,£41.50,£78.31 
20 x Disposable Non-Medical 3-ply Anti-fog Face Mouth Mask HHI-581904,https://www.tinydeal.com/20-x-disposable-non-medical-3-ply-anti-fog-face-mouth-mask-p-200366.html,£5.25,£9.45 
Universal Micro-USB OTG TF/SD Card Reader for Smartphone Tablet PC ECACR-483880,https://www.tinydeal.com/universal-micro-usb-otg-tfsd-card-reader-for-smartphone-tablet-pc-p-156504.html,£0.94,£2.04 
Neoprene Short Beach Socks Diving Socks Non-Slip Antiskid Scuba Dive Boots SGD-548443,https://www.tinydeal.com/neoprene-short-beach-socks-diving-socks-non-slip-antiskid-scuba-dive-boots-p-174657.html,£2.52,£3.02 
Mushroom Style 1/5W Light Sensor LED Night Lamp HLI-149180,https://www.tinydeal.com/mushroom-style-15w-light-sensor-led-night-lamp-p-80565.html,£1.68,£3.03 
12pcs Makeup Brush Set HHI-558503,https://www.tinydeal.com/12pcs-makeup-brush-set-p-177940.html,£3.69,£5.45 
3-in-1 Halter Ball-Point Pen w Note Paper & Flashlight w String YSN-174312,https://www.tinydeal.com/3-in-1-halter-ball-point-pen-w-note-paper-flashlight-w-string-p-88668.html,£1.36,£1.43 
2pcs H7 55W 12V 5000K Super White Light Halogen Bulb for Car RCB-242419,https://www.tinydeal.com/2pcs-h7-55w-12v-5000k-super-white-light-halogen-bulb-for-car-p-108900.html,£2.03,£3.95 
Artificial Silicone Soft Bait Set Luminous Shrimp Fishing Lure with Hook SFS-545519,https://www.tinydeal.com/artificial-silicone-soft-bait-set-luminous-shrimp-fishing-lure-with-hook-p-173693.html,£0.92,£2.16 
10pcs Colorful Rose Flower Plant Seeds TDS-378192,https://www.tinydeal.com/10pcs-colorful-rose-flower-plant-seeds-p-145998.html,£0.63,£2.24 
M165 Mini Bluetooth 4.1 Wireless Earphone with Mic Volume Adjustable for Phone RTH-573956,https://www.tinydeal.com/m165-mini-bluetooth-41-wireless-earphone-with-mic-volume-adjustable-for-phone-p-182813.html,£2.36,£4.57 
Reusable Face-Shielding Face Mask Anti-Fog Anti-Splash Face Shield HHI-581838,https://www.tinydeal.com/reusable-face-shielding-face-mask-anti-fog-anti-splash-face-shield-p-200342.html,£2.34,£3.85 
Remote Control E27 RGB Colorful Music Bulb HHI-563726,https://www.tinydeal.com/remote-control-e27-rgb-colorful-music-bulb-p-180227.html,£3.91,£7.74 
18g Super Strong Sealant Fix Metal Adhesive Sealing Glue Bond HHI-557389,https://www.tinydeal.com/18g-super-strong-sealant-fix-metal-adhesive-sealing-glue-bond-p-177571.html,£0.95,£3.11 
Type-C to USB 3.0 Type A OTG Adapter ECACR-562051,https://www.tinydeal.com/type-to-usb-30-type-a-otg-adapter-p-178935.html,£1.10,£5.35 
2.4GHz 1600dpi Wireless Optical Mouse Mice CMS-11833-C3,https://www.tinydeal.com/24ghz-1600dpi-wireless-optical-mouse-mice-p-168444.html,£2.84,£5.45 
Teeth Whitening Pen Tooth Gel Whitener Bleach HBI-113105,https://www.tinydeal.com/teeth-whitening-pen-tooth-gel-whitener-bleach-p-66709.html,£1.58,£4.72 
11.5 x 10CM Heart Paw Vinyl Decal Car Stickers Car Window Sticker RST-545060,https://www.tinydeal.com/115-x-10cm-heart-paw-vinyl-decal-car-stickers-car-window-sticker-p-173740.html,£1.72,£1.84 
3.5mm Stereo Woven Fiber Cloth Line Headset EDT-556403,https://www.tinydeal.com/35mm-stereo-woven-fiber-cloth-line-headset-p-178024.html,£1.03,£3.90 
1/2/4 Pair Anti-Fatigue Compression Socks Varicose Veins Women Copper Socks DST-538420,https://www.tinydeal.com/124-pair-anti-fatigue-compression-socks-varicose-veins-women-copper-socks-p-170397.html,£2.10,£5.45 
Flexible Detachable Low Power Consumption Silence USB Fan E-552562,https://www.tinydeal.com/flexible-detachable-low-power-consumption-silence-usb-fan-p-176004.html,£1.20,£5.23 
E6 Bluetooth Earphone 4.2 In-Ear MINI Stereo 600mA with Charging Box EEP-562601,https://www.tinydeal.com/e6-bluetooth-earphone-42-in-ear-mini-stereo-600ma-with-charging-box-p-179775.html,£4.89,£15.28 
Portable Waterproof Emergency Space Rescue Thermal Foil Mylar Blankets Silver EDT-554213,https://www.tinydeal.com/portable-waterproof-emergency-space-rescue-thermal-foil-mylar-blankets-silver-p-176637.html,£1.55,£2.04 
"Cevapro Cycling Gloves, Touchscreen Winter Gloves Thicken Warm Gloves SBK-559709",https://www.tinydeal.com/cevapro-cycling-gloves-touchscreen-winter-gloves-thicken-warm-gloves-p-178385.html,£5.45,£15.02 
1/2/4/6 pcs Magnetic Therapy Tourmaline Thermal Self-Heating Neck Pad BBI-276863,https://www.tinydeal.com/1246-pcs-magnetic-therapy-tourmaline-thermal-self-heating-neck-pad-p-118329.html,£1.19,£3.11 
DC 12V 45cm 45-SMD 1210 LED Flexible Waterproof Car Strip Light RLT-274929,https://www.tinydeal.com/dc-12v-45cm-45-smd-1210-led-flexible-waterproof-car-strip-light-p-118388.html,£0.95,£0.96 
Mini LED Key Finder Locator Find Lost Keys Chain Keychain Whistle Sound Control HHI-534396,https://www.tinydeal.com/mini-led-key-finder-locator-find-lost-keys-chain-keychain-whistle-sound-control-p-170166.html,£1.31,£2.51 
New Finger Pulse Oximeter With Box Fingertip Pulse Oximetro Finger Pulse HHI-560059,https://www.tinydeal.com/new-finger-pulse-oximeter-with-box-fingertip-pulse-oximetro-finger-pulse-p-178726.html,£7.73,£8.41 
Aluminum Cycling UV400 Polarized Sunglasses for Driving Cycling Running Golf HHI-558468,https://www.tinydeal.com/aluminum-cycling-uv400-polarized-sunglasses-for-driving-cycling-running-golf-p-178016.html,£3.09,£3.68 
Compression Socks for Man Woman STH-563907,https://www.tinydeal.com/compression-socks-for-man-woman-p-180225.html,£2.13,£5.12 
Evening  Butterfly Pendant Rhinestones T-Back Sexy Underwear DUW-278008,https://www.tinydeal.com/evening-butterfly-pendant-rhinestones-t-back-sexy-underwear-p-118449.html,£1.63,£2.04 
Auto Car Plug Remove Tool Terminal Extraction Pick Set HHI-562365,https://www.tinydeal.com/auto-car-plug-remove-tool-terminal-extraction-pick-set-p-179154.html,£2.90,£5.45 
3M 9001 KN90 Dust Masks Respirator Anti-dust PM2.5 Industrial Construction Polle RTH-562440,https://www.tinydeal.com/3m-9001-kn90-dust-masks-respirator-anti-dust-pm25-industrial-construction-polle-p-179487.html,£1.56,£1.88 
6pcs 6-Layer Razor Blades + Shaver Handle HHI-557375,https://www.tinydeal.com/6pcs-6-layer-razor-blades-shaver-handle-p-178095.html,£2.82,£5.40 
Title,Url,Starting_price,Final_price
10 x KN95 Dustproof Anti-haze Face Masks 95% Filtration N95 Mask NECEA-581218,https://www.tinydeal.com/10-x-kn95-dustproof-anti-haze-face-masks-95-filtration-n95-mask-p-200022.html,£20.29,£31.29 
50 x Disposable Medical 3-ply Non-woven Anti-fog Mouth Face Mask HHI-581907,https://www.tinydeal.com/50-x-disposable-medical-3-ply-non-woven-anti-fog-mouth-face-mask-p-200370.html,£15.03,£26.70 
20 x KN95 Face Masks 95% Filtration N95 Mask NECEA-580961,https://www.tinydeal.com/20-x-kn95-face-masks-95-filtration-n95-mask-p-200361.html,£36.41,£56.08 
10 x KN95 Face Mask Respirator With Valve PM2.5 Mouth Mask Gauze Mask KB-581641,https://www.tinydeal.com/10-x-kn95-face-mask-respirator-with-valve-pm25-mouth-mask-gauze-mask-p-200341.html,£21.36,£37.62 
50 x KN95 Face Masks 95% Filtration N95 Mouth Mask With CE FDA HHI-581866,https://www.tinydeal.com/50-x-kn95-face-masks-95-filtration-n95-mouth-mask-with-ce-fda-p-200363.html,£80.68,£145.22 
2 x KN95 Anti-haze Face Masks 95% Filtration N95 Mask NECEA-580960,https://www.tinydeal.com/2-x-kn95-anti-haze-face-masks-95-filtration-n95-mask-p-200021.html,£4.18,£8.26 
50 x Choebe CB Medical Disposable Anti-haze Face Masks 99% Filtration HHI-581271,https://www.tinydeal.com/50-x-choebe-cb-medical-disposable-anti-haze-face-masks-99-filtration-p-200006.html,£26.70,£41.64 
2 x KN95 Anti-haze Face Masks 95% Filtration N95 Mouth Mask HHI-581923,https://www.tinydeal.com/2-x-kn95-anti-haze-face-masks-95-filtration-n95-mouth-mask-p-200375.html,£3.22,£5.79 
10 x Transparent Anti Droplet Dust-proof Medical Face Shield Face Cover Mask KB-581546,https://www.tinydeal.com/10-x-transparent-anti-droplet-dust-proof-medical-face-shield-face-cover-mask-p-200338.html,£12.18,£19.53 
Kitchen Knife Blade Sharpener Stone Grindstone HHI-552221,https://www.tinydeal.com/kitchen-knife-blade-sharpener-stone-grindstone-p-176085.html,£1.02,£1.14 
50 x Disposable Medical 3 Layer Non-woven Anti-fog Mouth Mask HHI-581854,https://www.tinydeal.com/50-x-disposable-medical-3-layer-non-woven-anti-fog-mouth-mask-p-200355.html,£27.89,£42.95 
5 x Reusable Face-Shielding Face Mask Anti-Fog Anti-Splash Face Shield KB-581849,https://www.tinydeal.com/5-x-reusable-face-shielding-face-mask-anti-fog-anti-splash-face-shield-p-200348.html,£11.68,£18.94 
10 x KN95 Children Face Mask Anti-fog Child PM2.5 Mask for Kilds HHI-581843,https://www.tinydeal.com/10-x-kn95-children-face-mask-anti-fog-child-pm25-mask-for-kilds-p-200344.html,£12.86,£22.60 
64GB USB 2.0 Flash Drive USB Pen Drive U Disk EFM-561923,https://www.tinydeal.com/64gb-usb-20-flash-drive-usb-pen-drive-u-disk-p-178875.html,£5.28,£15.07 
1/2/5/10 pcs Teflon Gas Hob Oil Protector Liner Reusable Stove Clean Mat Pad HHI-549769,https://www.tinydeal.com/12510-pcs-teflon-gas-hob-oil-protector-liner-reusable-stove-clean-mat-pad-p-175005.html,£1.14,£4.32 
Portable Mini LCD Digital Tyre Tire Pressure Gauge Tester CTL-27481,https://www.tinydeal.com/portable-mini-lcd-digital-tyre-tire-pressure-gauge-tester-p-23322.html,£2.69,£3.11 
1/2 pcs Car Visor Glasses Sunglasses Ticket Clip Holder - Color Assorted RIG-179460,https://www.tinydeal.com/12-pcs-car-visor-glasses-sunglasses-ticket-clip-holder-color-assorted-p-90302.html,£1.09,£3.11 
1 Pair of Silicone Magnetic Losing Weight Toe Rings HBI-13397,https://www.tinydeal.com/1-pair-of-silicone-magnetic-losing-weight-toe-rings-p-12727.html,£0.79,£2.59 
300-LED 5M 5050 SMD 72W Indoor LED Light Strip HLD-232068,https://www.tinydeal.com/300-led-5m-5050-smd-72w-indoor-led-light-strip-p-105499.html,£6.62,£7.81 
Stainless Steel Wine Bracelet Thermometer with LCD Display HKI-499938,https://www.tinydeal.com/stainless-steel-wine-bracelet-thermometer-with-lcd-display-p-157835.html,£1.31,£3.06 
Mini Airtight Sealer Machine for Plastic Bag - Assorted Color HLI-48626,https://www.tinydeal.com/mini-airtight-sealer-machine-for-plastic-bag-assorted-color-p-39392.html,£1.83,£4.65 
Double Zippers Design Multi-functional Storage Bag HHI-115510,https://www.tinydeal.com/double-zippers-design-multi-functional-storage-bag-p-68145.html,£3.41,£3.60 
H96 MAX RK3318 4GB RAM 64GB ROM 5G WIFI bluetooth 4.0 Android 9.0 4K TV Box E-571219,https://www.tinydeal.com/h96-max-rk3318-4gb-ram-64gb-rom-5g-wifi-bluetooth-40-android-90-4k-tv-box-p-182191.html,£41.50,£78.31 
20 x Disposable Non-Medical 3-ply Anti-fog Face Mouth Mask HHI-581904,https://www.tinydeal.com/20-x-disposable-non-medical-3-ply-anti-fog-face-mouth-mask-p-200366.html,£5.25,£9.45 
Universal Micro-USB OTG TF/SD Card Reader for Smartphone Tablet PC ECACR-483880,https://www.tinydeal.com/universal-micro-usb-otg-tfsd-card-reader-for-smartphone-tablet-pc-p-156504.html,£0.94,£2.04 
Neoprene Short Beach Socks Diving Socks Non-Slip Antiskid Scuba Dive Boots SGD-548443,https://www.tinydeal.com/neoprene-short-beach-socks-diving-socks-non-slip-antiskid-scuba-dive-boots-p-174657.html,£2.52,£3.02 
Mushroom Style 1/5W Light Sensor LED Night Lamp HLI-149180,https://www.tinydeal.com/mushroom-style-15w-light-sensor-led-night-lamp-p-80565.html,£1.68,£3.03 
12pcs Makeup Brush Set HHI-558503,https://www.tinydeal.com/12pcs-makeup-brush-set-p-177940.html,£3.69,£5.45 
3-in-1 Halter Ball-Point Pen w Note Paper & Flashlight w String YSN-174312,https://www.tinydeal.com/3-in-1-halter-ball-point-pen-w-note-paper-flashlight-w-string-p-88668.html,£1.36,£1.43 
2pcs H7 55W 12V 5000K Super White Light Halogen Bulb for Car RCB-242419,https://www.tinydeal.com/2pcs-h7-55w-12v-5000k-super-white-light-halogen-bulb-for-car-p-108900.html,£2.03,£3.95 
Artificial Silicone Soft Bait Set Luminous Shrimp Fishing Lure with Hook SFS-545519,https://www.tinydeal.com/artificial-silicone-soft-bait-set-luminous-shrimp-fishing-lure-with-hook-p-173693.html,£0.92,£2.16 
10pcs Colorful Rose Flower Plant Seeds TDS-378192,https://www.tinydeal.com/10pcs-colorful-rose-flower-plant-seeds-p-145998.html,£0.63,£2.24 
M165 Mini Bluetooth 4.1 Wireless Earphone with Mic Volume Adjustable for Phone RTH-573956,https://www.tinydeal.com/m165-mini-bluetooth-41-wireless-earphone-with-mic-volume-adjustable-for-phone-p-182813.html,£2.36,£4.57 
Reusable Face-Shielding Face Mask Anti-Fog Anti-Splash Face Shield HHI-581838,https://www.tinydeal.com/reusable-face-shielding-face-mask-anti-fog-anti-splash-face-shield-p-200342.html,£2.34,£3.85 
Remote Control E27 RGB Colorful Music Bulb HHI-563726,https://www.tinydeal.com/remote-control-e27-rgb-colorful-music-bulb-p-180227.html,£3.91,£7.74 
18g Super Strong Sealant Fix Metal Adhesive Sealing Glue Bond HHI-557389,https://www.tinydeal.com/18g-super-strong-sealant-fix-metal-adhesive-sealing-glue-bond-p-177571.html,£0.95,£3.11 
Type-C to USB 3.0 Type A OTG Adapter ECACR-562051,https://www.tinydeal.com/type-to-usb-30-type-a-otg-adapter-p-178935.html,£1.10,£5.35 
2.4GHz 1600dpi Wireless Optical Mouse Mice CMS-11833-C3,https://www.tinydeal.com/24ghz-1600dpi-wireless-optical-mouse-mice-p-168444.html,£2.84,£5.45 
Teeth Whitening Pen Tooth Gel Whitener Bleach HBI-113105,https://www.tinydeal.com/teeth-whitening-pen-tooth-gel-whitener-bleach-p-66709.html,£1.58,£4.72 
11.5 x 10CM Heart Paw Vinyl Decal Car Stickers Car Window Sticker RST-545060,https://www.tinydeal.com/115-x-10cm-heart-paw-vinyl-decal-car-stickers-car-window-sticker-p-173740.html,£1.72,£1.84 
3.5mm Stereo Woven Fiber Cloth Line Headset EDT-556403,https://www.tinydeal.com/35mm-stereo-woven-fiber-cloth-line-headset-p-178024.html,£1.03,£3.90 
1/2/4 Pair Anti-Fatigue Compression Socks Varicose Veins Women Copper Socks DST-538420,https://www.tinydeal.com/124-pair-anti-fatigue-compression-socks-varicose-veins-women-copper-socks-p-170397.html,£2.10,£5.45 
Flexible Detachable Low Power Consumption Silence USB Fan E-552562,https://www.tinydeal.com/flexible-detachable-low-power-consumption-silence-usb-fan-p-176004.html,£1.20,£5.23 
E6 Bluetooth Earphone 4.2 In-Ear MINI Stereo 600mA with Charging Box EEP-562601,https://www.tinydeal.com/e6-bluetooth-earphone-42-in-ear-mini-stereo-600ma-with-charging-box-p-179775.html,£4.89,£15.28 
Portable Waterproof Emergency Space Rescue Thermal Foil Mylar Blankets Silver EDT-554213,https://www.tinydeal.com/portable-waterproof-emergency-space-rescue-thermal-foil-mylar-blankets-silver-p-176637.html,£1.55,£2.04 
"Cevapro Cycling Gloves, Touchscreen Winter Gloves Thicken Warm Gloves SBK-559709",https://www.tinydeal.com/cevapro-cycling-gloves-touchscreen-winter-gloves-thicken-warm-gloves-p-178385.html,£5.45,£15.02 
1/2/4/6 pcs Magnetic Therapy Tourmaline Thermal Self-Heating Neck Pad BBI-276863,https://www.tinydeal.com/1246-pcs-magnetic-therapy-tourmaline-thermal-self-heating-neck-pad-p-118329.html,£1.19,£3.11 
DC 12V 45cm 45-SMD 1210 LED Flexible Waterproof Car Strip Light RLT-274929,https://www.tinydeal.com/dc-12v-45cm-45-smd-1210-led-flexible-waterproof-car-strip-light-p-118388.html,£0.95,£0.96 
Mini LED Key Finder Locator Find Lost Keys Chain Keychain Whistle Sound Control HHI-534396,https://www.tinydeal.com/mini-led-key-finder-locator-find-lost-keys-chain-keychain-whistle-sound-control-p-170166.html,£1.31,£2.51 
New Finger Pulse Oximeter With Box Fingertip Pulse Oximetro Finger Pulse HHI-560059,https://www.tinydeal.com/new-finger-pulse-oximeter-with-box-fingertip-pulse-oximetro-finger-pulse-p-178726.html,£7.73,£8.41 
Aluminum Cycling UV400 Polarized Sunglasses for Driving Cycling Running Golf HHI-558468,https://www.tinydeal.com/aluminum-cycling-uv400-polarized-sunglasses-for-driving-cycling-running-golf-p-178016.html,£3.09,£3.68 
Compression Socks for Man Woman STH-563907,https://www.tinydeal.com/compression-socks-for-man-woman-p-180225.html,£2.13,£5.12 
Evening  Butterfly Pendant Rhinestones T-Back Sexy Underwear DUW-278008,https://www.tinydeal.com/evening-butterfly-pendant-rhinestones-t-back-sexy-underwear-p-118449.html,£1.63,£2.04 
Auto Car Plug Remove Tool Terminal Extraction Pick Set HHI-562365,https://www.tinydeal.com/auto-car-plug-remove-tool-terminal-extraction-pick-set-p-179154.html,£2.90,£5.45 
3M 9001 KN90 Dust Masks Respirator Anti-dust PM2.5 Industrial Construction Polle RTH-562440,https://www.tinydeal.com/3m-9001-kn90-dust-masks-respirator-anti-dust-pm25-industrial-construction-polle-p-179487.html,£1.56,£1.88 
6pcs 6-Layer Razor Blades + Shaver Handle HHI-557375,https://www.tinydeal.com/6pcs-6-layer-razor-blades-shaver-handle-p-178095.html,£2.82,£5.40 
